name,email,department
aixe-sur-vienne,a-dumas@mairie-aixesurvienne.fr,87
ambazac,secretariat@mairie-ambazac.fr,87
arnac-la-poste,mairiearnaclaposte2@wanadoo.fr,87
augne,mairie.augne@wanadoo.fr,87
aureil,mairie.aureil@wanadoo.fr,87
azat-le-ris,mairie.azat@wanadoo.fr,87
balledent,mairieballedent@wanadoo.fr,87
beaumont-du-lac,mairie.beaumontdulac@wanadoo.fr,87
bellac,bellac@mairie-bellac.fr,87
berneuil,mairieberneuil@wanadoo.fr,87
bersac-sur-rivalier,mairiebersac@wanadoo.fr,87
bessines-sur-gartempe,commune.de.bessines@wanadoo.fr,87
beynac,beynac.mairie@wanadoo.fr,87
blanzac,mairie.blanzac@gmail.com,87
blond,"",87
boisseuil,boisseuilnet@wanadoo.fr,87
bonnac-la-cote,mairie.bonnac@wanadoo.fr,87
bosmie-l-aiguille,secretariat@mairie-bosmie.fr,87
breuilaufa,mairie.breuilaufa@wanadoo.fr,87
bujaleuf,mairie@bujaleuf.fr,87
burgnac,mairie.burgnac@wanadoo.fr,87
bussiere-boffy,info@webcommune.org,87
bussiere-galant,mairie.bussiere.galant@wanadoo.fr,87
bussiere-poitevine,mairie.bussiere.poitevine@wanadoo.fr,87
chaillac-sur-vienne,chaillacsurvienne.mairie@wanadoo.fr,87
chalus,mairie.chalus87@wanadoo.fr,87
chamboret,mairie.chamboret@wanadoo.fr,87
champagnac-la-riviere,mairiechampagnelariviere@wanadoo.fr,87
champnetery,mairie.champnetery@wanadoo.fr,87
champsac,mairie.champsac@wanadoo.fr,87
chaptelat,chaptelat.limousin@wanadoo.fr,87
chateau-chervix,mairie.chateau-chervix@wanadoo.fr,87
chateauneuf-la-foret,mairie.chateauneuf-la-foret@wanadoo.fr,87
chateauponsac,mairie.chateauponsac@wanadoo.fr,87
cheissoux,mairiecheissoux@wanadoo.fr,87
cheronnac,mairie.cheronnac@wanadoo.fr,87
cieux,mairie.cieux@wanadoo.fr,87
cognac-la-foret,mairie.de.cognac.la.foret@wanadoo.fr,87
compreignac,mairiedecompreignac@wanadoo.fr,87
condat-sur-vienne,contact@condatsurvienne.fr,87
coussac-bonneval,mairie.coussac.bonneval@wanadoo.fr,87
couzeix,mairie@couzeix.fr,87
cromac,mairie.cromac@wanadoo.fr,87
cussac,mairie-cussac@wanadoo.fr,87
darnac,mairiedarnac@wanadoo.fr,87
dinsac,mairie.dinsac@wanadoo.fr,87
dompierre-les-eglises,mairie.dompierreleseglises@wanadoo.fr,87
domps,mairie-domps@orange.fr,87
dournazac,mairie-dournazac@orange.fr,87
droux,mairie.droux@wanadoo.fr,87
eybouleuf,mairie.eybouleuf@wanadoo.fr,87
eyjeaux,mairie.eyjeaux@orange.fr,87
eymoutiers,mairie-eymoutiers@wanadoo.fr,87
feytiat,mairie@feytiat.fr,87
flavignac,mairie-flavignac@wanadoo.fr,87
folles,mairie.folles@wanadoo.fr,87
fromental,mairiefromental@wanadoo.fr,87
gajoubert,mairie.gajoubert@wanadoo.fr,87
glandon,mairie.glandon@wanadoo.fr,87
glanges,mairie-de-glanges@wanadoo.fr,87
gorre,mairie.gorre@wanadoo.fr,87
isle,mairie.isle87@wanadoo.fr,87
jabreilles-les-bordes,mairie.jabreilles@wanadoo.fr,87
janailhac,mairie.janailhac@wanadoo.fr,87
javerdat,mairiedejaverdat@wanadoo.fr,87
jouac,mairiejouac@viveole.com,87
jourgnac,mairie.jourgnac@wanadoo.fr,87
la-bazeuge,mairielabazeuge@wanadoo.fr,87
la-chapelle-montbrandeix,chapelle-montbrandeix@orange.fr,87
la-croisille-sur-briance,mairie.lacroisille@orange.fr,87
la-croix-sur-gartempe,mairie.croix.gartempe@wanadoo.fr,87
ladignac-le-long,mairie.ladignac@wanadoo.fr,87
la-geneytouse,mairie.lageneytouse@wanadoo.fr,87
la-jonchere-saint-maurice,mairiedelajonchere@wanadoo.fr,87
la-meyze,mairie.la.meyze@wanadoo.fr,87
la-porcherie,mairie.laporcherie@wanadoo.fr,87
la-roche-l-abeille,larochelabeille.mairie@wanadoo.fr,87
lauriere,mairie.lauriere@wanadoo.fr,87
lavignac,mairie.lavignac@orange.fr,87
le-buis,mairie.le-buisson@wanadoo.fr,87
le-chalard,mairieduchalard@wanadoo.fr,87
le-chatenet-en-dognon,mairie-du-chatenet-en-dognon@orange.fr,87
le-dorat,mairie.ledorat@wanadoo.fr,87
le-palais-sur-vienne,affairesgenerales@lepalaissurvienne.fr,87
les-billanges,mairiedesbillanges@aliceadsl.fr,87
les-cars,mairie.les-cars87@wanadoo.fr,87
les-grands-chezeaux,mairie-les-grands-chezeaux@wanadoo.fr,87
les-salles-lavauguyon,mairiedessalleslavauguyon@wanadoo.fr,87
le-vigen,mairie-le-vigen@wanadoo.fr,87
limoges,lemaire@ville-limoges.fr,87
linards,mairie.linards@wanadoo.fr,87
lussac-les-eglises,mairie.lussac.les.eglises@wanadoo.fr,87
magnac-bourg,mairie.magnac-bourg@wanadoo.fr,87
magnac-laval,mairie.magnaclaval@wanadoo.fr,87
mailhac-sur-benaize,secretariat.mairiemailhac@wanadoo.fr,87
maisonnais-sur-tardoire,mairie.maisonnais.sur.tardoire@wanadoo.fr,87
marval,mairie-marval@wanadoo.fr,87
masleon,mairiedemasleon@orange.fr,87
meilhac,mairie.meilhac@wanadoo.fr,87
meuzac,mairie.meuzac@wanadoo.fr,87
mezieres-sur-issoire,mezieres-issoire@wanadoo.fr,87
moissannes,mairie-de-moissannes@wanadoo.fr,87
montrol-senard,mairie.montrolsenard@wanadoo.fr,87
mortemart,mairiemortemart@wanadoo.fr,87
nantiat,commune.nantiat@wanadoo.fr,87
nedde,mairie.nedde@wanadoo.fr,87
neuvic-entier,mairie.neuvic-entier@wanadoo.fr,87
nexon,mairie.nexon@wanadoo.fr,87
nieul,mairie.nieul@wanadoo.fr,87
nouic,mairie.nieul@wanadoo.fr,87
oradour-saint-genest,oradour.st.genest@wanadoo.fr,87
oradour-sur-glane,accueil.mairie.osg@wanadoo.fr,87
oradour-sur-vayres,villeoradoursurvayres@wanadoo.fr,87
pageas,communedepageas@wanadoo.fr,87
panazol,mairie@mairie-panazol.fr,87
pensol,mairie.de.pensol@wanadoo.fr,87
peyrat-de-bellac,mairiedepeyratdebellac@wanadoo.fr,87
peyrat-le-chateau,mairie-peyratlechateau87@wanadoo.fr,87
peyrilhac,mairie-de-peyrilhac@wanadoo.fr,87
pierre-buffiere,mairie.pierrebuffiere@wanadoo.fr,87
rancon,mairie.rancon@wanadoo.fr,87
razes,mairie.raze@wanadoo.fr,87
rempnat,mairie.rempnat@wanadoo.fr,87
rilhac-lastours,rilhac-lastours87@orange.fr,87
rilhac-rancon,mairie.rilhac-rancon-87@wanadoo.fr,87
rochechouart,mairie@rochechouart.com,87
roussac,mairie.roussac@wanadoo.fr,87
royeres,mairieroyeres@orange.fr,87
roziers-saint-georges,mairiederoziersstgeorges@wanadoo.fr,87
saillat-sur-vienne,saillat-mairie@wanadoo.fr,87
saint-amand-le-petit,mairie.stamandlepetit@wanadoo.fr,87
saint-amand-magnazeix,mairie.st.amand.magnx@wanadoo.fr,87
saint-auvent,mairie.de.saint-auvent@wanadoo.fr,87
saint-barbant,saint-barbant.commune@wanadoo.fr,87
saint-bazile,"",87
saint-bonnet-briance,st-bonnet-briance.mairie@orange.fr,87
saint-bonnet-de-bellac,mairie.stbonnetdebellac@wanadoo.fr,87
saint-brice-sur-vienne,mairiest.brice@wanadoo.fr,87
saint-cyr,mairie.stcyr@wanadoo.fr,87
saint-denis-des-murs,saintdenisdesmurs@free.fr,87
sainte-anne-saint-priest,mairie.sainte.anne.saint.priest@wanadoo.fr,87
sainte-marie-de-vaux,commune.saintemariedevaux@wanadoo.fr,87
saint-gence,mairie.saintgence@wanadoo.fr,87
saint-genest-sur-roselle,mairiestgenest@wanadoo.fr,87
saint-georges-les-landes,mairies.sgll@wanadoo.fr,87
saint-germain-les-belles,mairiedesaintgermainlesbelles@wanadoo.fr,87
saint-gilles-les-forets,mairie-st-gilles-les-forets@wanadoo.fr,87
saint-hilaire-bonneval,mairiesainthilairebonneval@orange.fr,87
saint-hilaire-la-treille,mairie.saint.hilaire.la.treille@wanadoo.fr,87
saint-hilaire-les-places,mairie-saint.hilaire@wanadoo.fr,87
saint-jean-ligoure,mairiesaintjeanligoure@orange.fr,87
saint-jouvent,mairie.stjouvent@wanadoo.fr,87
saint-julien-le-petit,mairie.saintjulien@free.fr,87
saint-junien,nlavergne@saint-junien.fr,87
saint-junien-les-combes,mairie.junien@orange.fr,87
saint-just-le-martel,mairie.stjustlemartel@wanadoo.fr,87
saint-laurent-les-eglises,mairie-st-laurent-les-eglises@wanadoo.fr,87
saint-laurent-sur-gorre,mairie.stlaurent.gorre@wanadoo.fr,87
saint-leger-la-montagne,commune.saintlegerlamontagne@wanadoo.fr,87
saint-leger-magnazeix,mairiestleger@wanadoo.fr,87
saint-leonard-de-noblat,accueil@ville-saint-leonard.fr,87
saint-martial-sur-isop,mairiestmartials.isop@wanadoo.fr,87
saint-martin-de-jussac,commune.saintmartindejussac@wanadoo.fr,87
saint-martin-le-mault,mairie.smlm@wanadoo.fr,87
saint-martin-le-vieux,mairie.smlv@wanadoo.fr,87
saint-martin-terressus,mairie@st-martin-terressus.fr,87
saint-mathieu,mairie.saint.mathieu@wanadoo.fr,87
saint-maurice-les-brousses,mairie.stmaurice87@free.fr,87
saint-meard,mairie-de-saint-meard@wanadoo.fr,87
saint-ouen-sur-gartempe,mairie-st-ouen-sur-gartempe@wanadoo.fr,87
saint-pardoux,commune.saint.pardoux@orange.fr,87
saint-paul,mairie-stpaul87@wanadoo.fr,87
saint-priest-ligoure,stpriestligoure.mairie@wanadoo.fr,87
saint-priest-sous-aixe,mairie-de-st-priest-sous-aixe@wanadoo.fr,87
saint-priest-taurion,st-priest-taurion@wanadoo.fr,87
saint-sornin-la-marche,st.sornin.marche@wanadoo.fr,87
saint-sornin-leulac,mairie.st-sornin-leulac@wanadoo.fr,87
saint-sulpice-lauriere,mairie-de-stsulpice-lauriere@wanadoo.fr,87
saint-sulpice-les-feuilles,st.sulpice.les.feuilles@wanadoo.fr,87
saint-sylvestre,mairie.stsylv@wanadoo.fr,87
saint-symphorien-sur-couze,commune-st-symphorien@orange.fr,87
saint-victurnien,mairie.stvicturnien@wanadoo.fr,87
saint-vitte-sur-briance,mairiestvittesurbriance@orange.fr,87
saint-yrieix-la-perche,secretariat@saint-yrieix.fr,87
saint-yrieix-sous-aixe,mairie.saint-yrieix-sous-aixe@wanadoo.fr,87
sauviat-sur-vige,mairie.sauviat@wanadoo.fr,87
sereilhac,mairie.sereilhac@wanadoo.fr,87
solignac,mairie-solignac@wanadoo.fr,87
surdoux,mairie.surdoux@orange.fr,87
sussac,mairiesussac@wanadoo.fr,87
tersannes,mairie.tersannes@wanadoo.fr,87
thiat,mairie.thiat@wanadoo.fr,87
thouron,mairie.thouron@wanadoo.fr,87
vaulry,mairie.vaulry@wanadoo.fr,87
vayres,mairie-vayres@wanadoo.fr,87
verneuil-moustiers,mairie.verneuil-moustiers@wanadoo.fr,87
verneuil-sur-vienne,mairie-verneuil-vienne@wanadoo.fr,87
veyrac,mairie.de.veyrac@wanadoo.fr,87
vicq-sur-breuilh,mairie.vicq@wanadoo.fr,87
videix,commune-de-videix@wanadoo.fr,87
villefavard,mairie.villefavard@wanadoo.fr,87
aixe-sur-vienne,a-dumas@mairie-aixesurvienne.fr,87
ambazac,secretariat@mairie-ambazac.fr,87
arnac-la-poste,mairiearnaclaposte2@wanadoo.fr,87
augne,mairie.augne@wanadoo.fr,87
aureil,mairie.aureil@wanadoo.fr,87
azat-le-ris,mairie.azat@wanadoo.fr,87
balledent,mairieballedent@wanadoo.fr,87
beaumont-du-lac,mairie.beaumontdulac@wanadoo.fr,87
bellac,bellac@mairie-bellac.fr,87
berneuil,mairieberneuil@wanadoo.fr,87
bersac-sur-rivalier,mairiebersac@wanadoo.fr,87
bessines-sur-gartempe,commune.de.bessines@wanadoo.fr,87
beynac,beynac.mairie@wanadoo.fr,87
blanzac,mairie.blanzac@gmail.com,87
blond,"",87
boisseuil,boisseuilnet@wanadoo.fr,87
bonnac-la-cote,mairie.bonnac@wanadoo.fr,87
bosmie-l-aiguille,secretariat@mairie-bosmie.fr,87
breuilaufa,mairie.breuilaufa@wanadoo.fr,87
bujaleuf,mairie@bujaleuf.fr,87
burgnac,mairie.burgnac@wanadoo.fr,87
bussiere-boffy,info@webcommune.org,87
bussiere-galant,mairie.bussiere.galant@wanadoo.fr,87
bussiere-poitevine,mairie.bussiere.poitevine@wanadoo.fr,87
chaillac-sur-vienne,chaillacsurvienne.mairie@wanadoo.fr,87
chalus,mairie.chalus87@wanadoo.fr,87
chamboret,mairie.chamboret@wanadoo.fr,87
champagnac-la-riviere,mairiechampagnelariviere@wanadoo.fr,87
champnetery,mairie.champnetery@wanadoo.fr,87
champsac,mairie.champsac@wanadoo.fr,87
chaptelat,chaptelat.limousin@wanadoo.fr,87
chateau-chervix,mairie.chateau-chervix@wanadoo.fr,87
chateauneuf-la-foret,mairie.chateauneuf-la-foret@wanadoo.fr,87
chateauponsac,mairie.chateauponsac@wanadoo.fr,87
cheissoux,mairiecheissoux@wanadoo.fr,87
cheronnac,mairie.cheronnac@wanadoo.fr,87
cieux,mairie.cieux@wanadoo.fr,87
cognac-la-foret,mairie.de.cognac.la.foret@wanadoo.fr,87
compreignac,mairiedecompreignac@wanadoo.fr,87
condat-sur-vienne,contact@condatsurvienne.fr,87
coussac-bonneval,mairie.coussac.bonneval@wanadoo.fr,87
couzeix,mairie@couzeix.fr,87
cromac,mairie.cromac@wanadoo.fr,87
cussac,mairie-cussac@wanadoo.fr,87
darnac,mairiedarnac@wanadoo.fr,87
dinsac,mairie.dinsac@wanadoo.fr,87
dompierre-les-eglises,mairie.dompierreleseglises@wanadoo.fr,87
domps,mairie-domps@orange.fr,87
dournazac,mairie-dournazac@orange.fr,87
droux,mairie.droux@wanadoo.fr,87
eybouleuf,mairie.eybouleuf@wanadoo.fr,87
eyjeaux,mairie.eyjeaux@orange.fr,87
eymoutiers,mairie-eymoutiers@wanadoo.fr,87
feytiat,mairie@feytiat.fr,87
flavignac,mairie-flavignac@wanadoo.fr,87
folles,mairie.folles@wanadoo.fr,87
fromental,mairiefromental@wanadoo.fr,87
gajoubert,mairie.gajoubert@wanadoo.fr,87
glandon,mairie.glandon@wanadoo.fr,87
glanges,mairie-de-glanges@wanadoo.fr,87
gorre,mairie.gorre@wanadoo.fr,87
isle,mairie.isle87@wanadoo.fr,87
jabreilles-les-bordes,mairie.jabreilles@wanadoo.fr,87
janailhac,mairie.janailhac@wanadoo.fr,87
javerdat,mairiedejaverdat@wanadoo.fr,87
jouac,mairiejouac@viveole.com,87
jourgnac,mairie.jourgnac@wanadoo.fr,87
la-bazeuge,mairielabazeuge@wanadoo.fr,87
la-chapelle-montbrandeix,chapelle-montbrandeix@orange.fr,87
la-croisille-sur-briance,mairie.lacroisille@orange.fr,87
la-croix-sur-gartempe,mairie.croix.gartempe@wanadoo.fr,87
ladignac-le-long,mairie.ladignac@wanadoo.fr,87
la-geneytouse,mairie.lageneytouse@wanadoo.fr,87
la-jonchere-saint-maurice,mairiedelajonchere@wanadoo.fr,87
la-meyze,mairie.la.meyze@wanadoo.fr,87
la-porcherie,mairie.laporcherie@wanadoo.fr,87
la-roche-l-abeille,larochelabeille.mairie@wanadoo.fr,87
lauriere,mairie.lauriere@wanadoo.fr,87
lavignac,mairie.lavignac@orange.fr,87
le-buis,mairie.le-buisson@wanadoo.fr,87
le-chalard,mairieduchalard@wanadoo.fr,87
le-chatenet-en-dognon,mairie-du-chatenet-en-dognon@orange.fr,87
le-dorat,mairie.ledorat@wanadoo.fr,87
le-palais-sur-vienne,affairesgenerales@lepalaissurvienne.fr,87
les-billanges,mairiedesbillanges@aliceadsl.fr,87
les-cars,mairie.les-cars87@wanadoo.fr,87
les-grands-chezeaux,mairie-les-grands-chezeaux@wanadoo.fr,87
les-salles-lavauguyon,mairiedessalleslavauguyon@wanadoo.fr,87
le-vigen,mairie-le-vigen@wanadoo.fr,87
limoges,lemaire@ville-limoges.fr,87
linards,mairie.linards@wanadoo.fr,87
lussac-les-eglises,mairie.lussac.les.eglises@wanadoo.fr,87
magnac-bourg,mairie.magnac-bourg@wanadoo.fr,87
magnac-laval,mairie.magnaclaval@wanadoo.fr,87
mailhac-sur-benaize,secretariat.mairiemailhac@wanadoo.fr,87
maisonnais-sur-tardoire,mairie.maisonnais.sur.tardoire@wanadoo.fr,87
marval,mairie-marval@wanadoo.fr,87
masleon,mairiedemasleon@orange.fr,87
meilhac,mairie.meilhac@wanadoo.fr,87
meuzac,mairie.meuzac@wanadoo.fr,87
mezieres-sur-issoire,mezieres-issoire@wanadoo.fr,87
moissannes,mairie-de-moissannes@wanadoo.fr,87
montrol-senard,mairie.montrolsenard@wanadoo.fr,87
mortemart,mairiemortemart@wanadoo.fr,87
nantiat,commune.nantiat@wanadoo.fr,87
nedde,mairie.nedde@wanadoo.fr,87
neuvic-entier,mairie.neuvic-entier@wanadoo.fr,87
nexon,mairie.nexon@wanadoo.fr,87
nieul,mairie.nieul@wanadoo.fr,87
nouic,mairie.nieul@wanadoo.fr,87
oradour-saint-genest,oradour.st.genest@wanadoo.fr,87
oradour-sur-glane,accueil.mairie.osg@wanadoo.fr,87
oradour-sur-vayres,villeoradoursurvayres@wanadoo.fr,87
pageas,communedepageas@wanadoo.fr,87
panazol,mairie@mairie-panazol.fr,87
pensol,mairie.de.pensol@wanadoo.fr,87
peyrat-de-bellac,mairiedepeyratdebellac@wanadoo.fr,87
peyrat-le-chateau,mairie-peyratlechateau87@wanadoo.fr,87
peyrilhac,mairie-de-peyrilhac@wanadoo.fr,87
pierre-buffiere,mairie.pierrebuffiere@wanadoo.fr,87
rancon,mairie.rancon@wanadoo.fr,87
razes,mairie.raze@wanadoo.fr,87
rempnat,mairie.rempnat@wanadoo.fr,87
rilhac-lastours,rilhac-lastours87@orange.fr,87
rilhac-rancon,mairie.rilhac-rancon-87@wanadoo.fr,87
rochechouart,mairie@rochechouart.com,87
roussac,mairie.roussac@wanadoo.fr,87
royeres,mairieroyeres@orange.fr,87
roziers-saint-georges,mairiederoziersstgeorges@wanadoo.fr,87
saillat-sur-vienne,saillat-mairie@wanadoo.fr,87
saint-amand-le-petit,mairie.stamandlepetit@wanadoo.fr,87
saint-amand-magnazeix,mairie.st.amand.magnx@wanadoo.fr,87
saint-auvent,mairie.de.saint-auvent@wanadoo.fr,87
saint-barbant,saint-barbant.commune@wanadoo.fr,87
saint-bazile,"",87
saint-bonnet-briance,st-bonnet-briance.mairie@orange.fr,87
saint-bonnet-de-bellac,mairie.stbonnetdebellac@wanadoo.fr,87
saint-brice-sur-vienne,mairiest.brice@wanadoo.fr,87
saint-cyr,mairie.stcyr@wanadoo.fr,87
saint-denis-des-murs,saintdenisdesmurs@free.fr,87
sainte-anne-saint-priest,mairie.sainte.anne.saint.priest@wanadoo.fr,87
sainte-marie-de-vaux,commune.saintemariedevaux@wanadoo.fr,87
saint-gence,mairie.saintgence@wanadoo.fr,87
saint-genest-sur-roselle,mairiestgenest@wanadoo.fr,87
saint-georges-les-landes,mairies.sgll@wanadoo.fr,87
saint-germain-les-belles,mairiedesaintgermainlesbelles@wanadoo.fr,87
saint-gilles-les-forets,mairie-st-gilles-les-forets@wanadoo.fr,87
saint-hilaire-bonneval,mairiesainthilairebonneval@orange.fr,87
saint-hilaire-la-treille,mairie.saint.hilaire.la.treille@wanadoo.fr,87
saint-hilaire-les-places,mairie-saint.hilaire@wanadoo.fr,87
saint-jean-ligoure,mairiesaintjeanligoure@orange.fr,87
saint-jouvent,mairie.stjouvent@wanadoo.fr,87
saint-julien-le-petit,mairie.saintjulien@free.fr,87
saint-junien,nlavergne@saint-junien.fr,87
saint-junien-les-combes,mairie.junien@orange.fr,87
saint-just-le-martel,mairie.stjustlemartel@wanadoo.fr,87
saint-laurent-les-eglises,mairie-st-laurent-les-eglises@wanadoo.fr,87
saint-laurent-sur-gorre,mairie.stlaurent.gorre@wanadoo.fr,87
saint-leger-la-montagne,commune.saintlegerlamontagne@wanadoo.fr,87
saint-leger-magnazeix,mairiestleger@wanadoo.fr,87
saint-leonard-de-noblat,accueil@ville-saint-leonard.fr,87
saint-martial-sur-isop,mairiestmartials.isop@wanadoo.fr,87
saint-martin-de-jussac,commune.saintmartindejussac@wanadoo.fr,87
saint-martin-le-mault,mairie.smlm@wanadoo.fr,87
saint-martin-le-vieux,mairie.smlv@wanadoo.fr,87
saint-martin-terressus,mairie@st-martin-terressus.fr,87
saint-mathieu,mairie.saint.mathieu@wanadoo.fr,87
saint-maurice-les-brousses,mairie.stmaurice87@free.fr,87
saint-meard,mairie-de-saint-meard@wanadoo.fr,87
saint-ouen-sur-gartempe,mairie-st-ouen-sur-gartempe@wanadoo.fr,87
saint-pardoux,commune.saint.pardoux@orange.fr,87
saint-paul,mairie-stpaul87@wanadoo.fr,87
saint-priest-ligoure,stpriestligoure.mairie@wanadoo.fr,87
saint-priest-sous-aixe,mairie-de-st-priest-sous-aixe@wanadoo.fr,87
saint-priest-taurion,st-priest-taurion@wanadoo.fr,87
saint-sornin-la-marche,st.sornin.marche@wanadoo.fr,87
saint-sornin-leulac,mairie.st-sornin-leulac@wanadoo.fr,87
saint-sulpice-lauriere,mairie-de-stsulpice-lauriere@wanadoo.fr,87
saint-sulpice-les-feuilles,st.sulpice.les.feuilles@wanadoo.fr,87
saint-sylvestre,mairie.stsylv@wanadoo.fr,87
saint-symphorien-sur-couze,commune-st-symphorien@orange.fr,87
saint-victurnien,mairie.stvicturnien@wanadoo.fr,87
saint-vitte-sur-briance,mairiestvittesurbriance@orange.fr,87
saint-yrieix-la-perche,secretariat@saint-yrieix.fr,87
saint-yrieix-sous-aixe,mairie.saint-yrieix-sous-aixe@wanadoo.fr,87
sauviat-sur-vige,mairie.sauviat@wanadoo.fr,87
sereilhac,mairie.sereilhac@wanadoo.fr,87
solignac,mairie-solignac@wanadoo.fr,87
surdoux,mairie.surdoux@orange.fr,87
sussac,mairiesussac@wanadoo.fr,87
tersannes,mairie.tersannes@wanadoo.fr,87
thiat,mairie.thiat@wanadoo.fr,87
thouron,mairie.thouron@wanadoo.fr,87
vaulry,mairie.vaulry@wanadoo.fr,87
vayres,mairie-vayres@wanadoo.fr,87
verneuil-moustiers,mairie.verneuil-moustiers@wanadoo.fr,87
verneuil-sur-vienne,mairie-verneuil-vienne@wanadoo.fr,87
veyrac,mairie.de.veyrac@wanadoo.fr,87
vicq-sur-breuilh,mairie.vicq@wanadoo.fr,87
videix,commune-de-videix@wanadoo.fr,87
villefavard,mairie.villefavard@wanadoo.fr,87
aiguines,a-dumas@mairie-aixesurvienne.fr,83
ampus,secretariat@mairie-ambazac.fr,83
artignosc-sur-verdon,mairiearnaclaposte2@wanadoo.fr,83
artigues,mairie.augne@wanadoo.fr,83
aups,mairie.aureil@wanadoo.fr,83
bagnols-en-foret,mairie.azat@wanadoo.fr,83
bandol,mairieballedent@wanadoo.fr,83
bargeme,mairie.beaumontdulac@wanadoo.fr,83
bargemon,bellac@mairie-bellac.fr,83
barjols,mairieberneuil@wanadoo.fr,83
baudinard-sur-verdon,mairiebersac@wanadoo.fr,83
bauduen,commune.de.bessines@wanadoo.fr,83
belgentier,beynac.mairie@wanadoo.fr,83
besse-sur-issole,mairie.blanzac@gmail.com,83
bormes-les-mimosas,"",83
bras,boisseuilnet@wanadoo.fr,83
brenon,mairie.bonnac@wanadoo.fr,83
brignoles,secretariat@mairie-bosmie.fr,83
brue-auriac,mairie.breuilaufa@wanadoo.fr,83
cabasse,mairie@bujaleuf.fr,83
callas,mairie.burgnac@wanadoo.fr,83
callian,info@webcommune.org,83
camps-la-source,mairie.bussiere.galant@wanadoo.fr,83
carces,mairie.bussiere.poitevine@wanadoo.fr,83
carnoules,chaillacsurvienne.mairie@wanadoo.fr,83
carqueiranne,mairie.chalus87@wanadoo.fr,83
cavalaire-sur-mer,mairie.chamboret@wanadoo.fr,83
chateaudouble,mairiechampagnelariviere@wanadoo.fr,83
chateauvert,mairie.champnetery@wanadoo.fr,83
chateauvieux,mairie.champsac@wanadoo.fr,83
claviers,chaptelat.limousin@wanadoo.fr,83
cogolin,mairie.chateau-chervix@wanadoo.fr,83
collobrieres,mairie.chateauneuf-la-foret@wanadoo.fr,83
comps-sur-artuby,mairie.chateauponsac@wanadoo.fr,83
correns,mairiecheissoux@wanadoo.fr,83
cotignac,mairie.cheronnac@wanadoo.fr,83
cuers,mairie.cieux@wanadoo.fr,83
draguignan,mairie.de.cognac.la.foret@wanadoo.fr,83
entrecasteaux,mairiedecompreignac@wanadoo.fr,83
esparron,contact@condatsurvienne.fr,83
evenos,mairie.coussac.bonneval@wanadoo.fr,83
fayence,mairie@couzeix.fr,83
figanieres,mairie.cromac@wanadoo.fr,83
flassans-sur-issole,mairie-cussac@wanadoo.fr,83
flayosc,mairiedarnac@wanadoo.fr,83
forcalqueiret,mairie.dinsac@wanadoo.fr,83
fox-amphoux,mairie.dompierreleseglises@wanadoo.fr,83
frejus,mairie-domps@orange.fr,83
gareoult,mairie-dournazac@orange.fr,83
gassin,mairie.droux@wanadoo.fr,83
ginasservis,mairie.eybouleuf@wanadoo.fr,83
gonfaron,mairie.eyjeaux@orange.fr,83
grimaud,mairie-eymoutiers@wanadoo.fr,83
hyeres,mairie@feytiat.fr,83
la-bastide,mairie-flavignac@wanadoo.fr,83
la-cadiere-d-azur,mairie.folles@wanadoo.fr,83
la-celle,mairiefromental@wanadoo.fr,83
la-crau,mairie.gajoubert@wanadoo.fr,83
la-croix-valmer,mairie.glandon@wanadoo.fr,83
la-farlede,mairie-de-glanges@wanadoo.fr,83
la-garde,mairie.gorre@wanadoo.fr,83
la-garde-freinet,mairie.isle87@wanadoo.fr,83
la-londe-les-maures,mairie.jabreilles@wanadoo.fr,83
la-martre,mairie.janailhac@wanadoo.fr,83
la-mole,mairiedejaverdat@wanadoo.fr,83
la-motte,mairiejouac@viveole.com,83
la-roquebrussanne,mairie.jourgnac@wanadoo.fr,83
la-roque-esclapon,mairielabazeuge@wanadoo.fr,83
la-seyne-sur-mer,chapelle-montbrandeix@orange.fr,83
la-valette-du-var,mairie.lacroisille@orange.fr,83
la-verdiere,mairie.croix.gartempe@wanadoo.fr,83
le-beausset,mairie.ladignac@wanadoo.fr,83
le-bourguet,mairie.lageneytouse@wanadoo.fr,83
le-cannet-des-maures,mairiedelajonchere@wanadoo.fr,83
le-castellet,mairie.la.meyze@wanadoo.fr,83
le-lavandou,mairie.laporcherie@wanadoo.fr,83
le-luc,larochelabeille.mairie@wanadoo.fr,83
le-muy,mairie.lauriere@wanadoo.fr,83
le-pradet,mairie.lavignac@orange.fr,83
le-revest-les-eaux,mairie.le-buisson@wanadoo.fr,83
les-adrets-de-l-esterel,mairieduchalard@wanadoo.fr,83
les-arcs,mairie-du-chatenet-en-dognon@orange.fr,83
les-mayons,mairie.ledorat@wanadoo.fr,83
les-salles-sur-verdon,affairesgenerales@lepalaissurvienne.fr,83
le-thoronet,mairiedesbillanges@aliceadsl.fr,83
le-val,mairie.les-cars87@wanadoo.fr,83
lorgues,mairie-les-grands-chezeaux@wanadoo.fr,83
mazaugues,mairiedessalleslavauguyon@wanadoo.fr,83
meounes-les-montrieux,mairie-le-vigen@wanadoo.fr,83
moissac-bellevue,lemaire@ville-limoges.fr,83
mons,mairie.linards@wanadoo.fr,83
montauroux,mairie.lussac.les.eglises@wanadoo.fr,83
montferrat,mairie.magnac-bourg@wanadoo.fr,83
montfort-sur-argens,mairie.magnaclaval@wanadoo.fr,83
montmeyan,secretariat.mairiemailhac@wanadoo.fr,83
nans-les-pins,mairie.maisonnais.sur.tardoire@wanadoo.fr,83
neoules,mairie-marval@wanadoo.fr,83
ollieres,mairiedemasleon@orange.fr,83
ollioules,mairie.meilhac@wanadoo.fr,83
pierrefeu-du-var,mairie.meuzac@wanadoo.fr,83
pignans,mezieres-issoire@wanadoo.fr,83
plan-d-aups-sainte-baume,mairie-de-moissannes@wanadoo.fr,83
plan-de-la-tour,mairie.montrolsenard@wanadoo.fr,83
ponteves,mairiemortemart@wanadoo.fr,83
pourcieux,commune.nantiat@wanadoo.fr,83
pourrieres,mairie.nedde@wanadoo.fr,83
puget-sur-argens,mairie.neuvic-entier@wanadoo.fr,83
puget-ville,mairie.nexon@wanadoo.fr,83
ramatuelle,mairie.nieul@wanadoo.fr,83
rayol-canadel-sur-mer,mairie.nieul@wanadoo.fr,83
regusse,oradour.st.genest@wanadoo.fr,83
rians,accueil.mairie.osg@wanadoo.fr,83
riboux,villeoradoursurvayres@wanadoo.fr,83
rocbaron,communedepageas@wanadoo.fr,83
roquebrune-sur-argens,mairie@mairie-panazol.fr,83
rougiers,mairie.de.pensol@wanadoo.fr,83
saint-antonin-du-var,mairiedepeyratdebellac@wanadoo.fr,83
saint-cyr-sur-mer,mairie-peyratlechateau87@wanadoo.fr,83
sainte-anastasie-sur-issole,mairie-de-peyrilhac@wanadoo.fr,83
sainte-maxime,mairie.pierrebuffiere@wanadoo.fr,83
saint-julien-le-montagnier,mairie.rancon@wanadoo.fr,83
saint-mandrier-sur-mer,mairie.raze@wanadoo.fr,83
saint-martin-de-pallieres,mairie.rempnat@wanadoo.fr,83
saint-maximin-la-sainte-baume,rilhac-lastours87@orange.fr,83
saint-paul-en-foret,mairie.rilhac-rancon-87@wanadoo.fr,83
saint-raphael,mairie@rochechouart.com,83
saint-tropez,mairie.roussac@wanadoo.fr,83
saint-zacharie,mairieroyeres@orange.fr,83
salernes,mairiederoziersstgeorges@wanadoo.fr,83
sanary-sur-mer,saillat-mairie@wanadoo.fr,83
seillans,mairie.stamandlepetit@wanadoo.fr,83
seillons-source-d-argens,mairie.st.amand.magnx@wanadoo.fr,83
signes,mairie.de.saint-auvent@wanadoo.fr,83
sillans-la-cascade,saint-barbant.commune@wanadoo.fr,83
six-fours-les-plages,"",83
sollies-pont,st-bonnet-briance.mairie@orange.fr,83
sollies-toucas,mairie.stbonnetdebellac@wanadoo.fr,83
sollies-ville,mairiest.brice@wanadoo.fr,83
tanneron,mairie.stcyr@wanadoo.fr,83
taradeau,saintdenisdesmurs@free.fr,83
tavernes,mairie.sainte.anne.saint.priest@wanadoo.fr,83
toulon,commune.saintemariedevaux@wanadoo.fr,83
tourrettes,mairie.saintgence@wanadoo.fr,83
tourtour,mairiestgenest@wanadoo.fr,83
tourves,mairies.sgll@wanadoo.fr,83
trans-en-provence,mairiedesaintgermainlesbelles@wanadoo.fr,83
trigance,mairie-st-gilles-les-forets@wanadoo.fr,83
varages,mairiesainthilairebonneval@orange.fr,83
verignon,mairie.saint.hilaire.la.treille@wanadoo.fr,83
vidauban,mairie-saint.hilaire@wanadoo.fr,83
villecroze,mairiesaintjeanligoure@orange.fr,83
vinon-sur-verdon,mairie.stjouvent@wanadoo.fr,83
vins-sur-caramy,mairie.saintjulien@free.fr,83
aixe-sur-vienne,a-dumas@mairie-aixesurvienne.fr,87
ambazac,secretariat@mairie-ambazac.fr,87
arnac-la-poste,mairiearnaclaposte2@wanadoo.fr,87
augne,mairie.augne@wanadoo.fr,87
aureil,mairie.aureil@wanadoo.fr,87
azat-le-ris,mairie.azat@wanadoo.fr,87
balledent,mairieballedent@wanadoo.fr,87
beaumont-du-lac,mairie.beaumontdulac@wanadoo.fr,87
bellac,bellac@mairie-bellac.fr,87
berneuil,mairieberneuil@wanadoo.fr,87
bersac-sur-rivalier,mairiebersac@wanadoo.fr,87
bessines-sur-gartempe,commune.de.bessines@wanadoo.fr,87
beynac,beynac.mairie@wanadoo.fr,87
blanzac,mairie.blanzac@gmail.com,87
blond,"",87
boisseuil,boisseuilnet@wanadoo.fr,87
bonnac-la-cote,mairie.bonnac@wanadoo.fr,87
bosmie-l-aiguille,secretariat@mairie-bosmie.fr,87
breuilaufa,mairie.breuilaufa@wanadoo.fr,87
bujaleuf,mairie@bujaleuf.fr,87
burgnac,mairie.burgnac@wanadoo.fr,87
bussiere-boffy,info@webcommune.org,87
bussiere-galant,mairie.bussiere.galant@wanadoo.fr,87
bussiere-poitevine,mairie.bussiere.poitevine@wanadoo.fr,87
chaillac-sur-vienne,chaillacsurvienne.mairie@wanadoo.fr,87
chalus,mairie.chalus87@wanadoo.fr,87
chamboret,mairie.chamboret@wanadoo.fr,87
champagnac-la-riviere,mairiechampagnelariviere@wanadoo.fr,87
champnetery,mairie.champnetery@wanadoo.fr,87
champsac,mairie.champsac@wanadoo.fr,87
chaptelat,chaptelat.limousin@wanadoo.fr,87
chateau-chervix,mairie.chateau-chervix@wanadoo.fr,87
chateauneuf-la-foret,mairie.chateauneuf-la-foret@wanadoo.fr,87
chateauponsac,mairie.chateauponsac@wanadoo.fr,87
cheissoux,mairiecheissoux@wanadoo.fr,87
cheronnac,mairie.cheronnac@wanadoo.fr,87
cieux,mairie.cieux@wanadoo.fr,87
cognac-la-foret,mairie.de.cognac.la.foret@wanadoo.fr,87
compreignac,mairiedecompreignac@wanadoo.fr,87
condat-sur-vienne,contact@condatsurvienne.fr,87
coussac-bonneval,mairie.coussac.bonneval@wanadoo.fr,87
couzeix,mairie@couzeix.fr,87
cromac,mairie.cromac@wanadoo.fr,87
cussac,mairie-cussac@wanadoo.fr,87
darnac,mairiedarnac@wanadoo.fr,87
dinsac,mairie.dinsac@wanadoo.fr,87
dompierre-les-eglises,mairie.dompierreleseglises@wanadoo.fr,87
domps,mairie-domps@orange.fr,87
dournazac,mairie-dournazac@orange.fr,87
droux,mairie.droux@wanadoo.fr,87
eybouleuf,mairie.eybouleuf@wanadoo.fr,87
eyjeaux,mairie.eyjeaux@orange.fr,87
eymoutiers,mairie-eymoutiers@wanadoo.fr,87
feytiat,mairie@feytiat.fr,87
flavignac,mairie-flavignac@wanadoo.fr,87
folles,mairie.folles@wanadoo.fr,87
fromental,mairiefromental@wanadoo.fr,87
gajoubert,mairie.gajoubert@wanadoo.fr,87
glandon,mairie.glandon@wanadoo.fr,87
glanges,mairie-de-glanges@wanadoo.fr,87
gorre,mairie.gorre@wanadoo.fr,87
isle,mairie.isle87@wanadoo.fr,87
jabreilles-les-bordes,mairie.jabreilles@wanadoo.fr,87
janailhac,mairie.janailhac@wanadoo.fr,87
javerdat,mairiedejaverdat@wanadoo.fr,87
jouac,mairiejouac@viveole.com,87
jourgnac,mairie.jourgnac@wanadoo.fr,87
la-bazeuge,mairielabazeuge@wanadoo.fr,87
la-chapelle-montbrandeix,chapelle-montbrandeix@orange.fr,87
la-croisille-sur-briance,mairie.lacroisille@orange.fr,87
la-croix-sur-gartempe,mairie.croix.gartempe@wanadoo.fr,87
ladignac-le-long,mairie.ladignac@wanadoo.fr,87
la-geneytouse,mairie.lageneytouse@wanadoo.fr,87
la-jonchere-saint-maurice,mairiedelajonchere@wanadoo.fr,87
la-meyze,mairie.la.meyze@wanadoo.fr,87
la-porcherie,mairie.laporcherie@wanadoo.fr,87
la-roche-l-abeille,larochelabeille.mairie@wanadoo.fr,87
lauriere,mairie.lauriere@wanadoo.fr,87
lavignac,mairie.lavignac@orange.fr,87
le-buis,mairie.le-buisson@wanadoo.fr,87
le-chalard,mairieduchalard@wanadoo.fr,87
le-chatenet-en-dognon,mairie-du-chatenet-en-dognon@orange.fr,87
le-dorat,mairie.ledorat@wanadoo.fr,87
le-palais-sur-vienne,affairesgenerales@lepalaissurvienne.fr,87
les-billanges,mairiedesbillanges@aliceadsl.fr,87
les-cars,mairie.les-cars87@wanadoo.fr,87
les-grands-chezeaux,mairie-les-grands-chezeaux@wanadoo.fr,87
les-salles-lavauguyon,mairiedessalleslavauguyon@wanadoo.fr,87
le-vigen,mairie-le-vigen@wanadoo.fr,87
limoges,lemaire@ville-limoges.fr,87
linards,mairie.linards@wanadoo.fr,87
lussac-les-eglises,mairie.lussac.les.eglises@wanadoo.fr,87
magnac-bourg,mairie.magnac-bourg@wanadoo.fr,87
magnac-laval,mairie.magnaclaval@wanadoo.fr,87
mailhac-sur-benaize,secretariat.mairiemailhac@wanadoo.fr,87
maisonnais-sur-tardoire,mairie.maisonnais.sur.tardoire@wanadoo.fr,87
marval,mairie-marval@wanadoo.fr,87
masleon,mairiedemasleon@orange.fr,87
meilhac,mairie.meilhac@wanadoo.fr,87
meuzac,mairie.meuzac@wanadoo.fr,87
mezieres-sur-issoire,mezieres-issoire@wanadoo.fr,87
moissannes,mairie-de-moissannes@wanadoo.fr,87
montrol-senard,mairie.montrolsenard@wanadoo.fr,87
mortemart,mairiemortemart@wanadoo.fr,87
nantiat,commune.nantiat@wanadoo.fr,87
nedde,mairie.nedde@wanadoo.fr,87
neuvic-entier,mairie.neuvic-entier@wanadoo.fr,87
nexon,mairie.nexon@wanadoo.fr,87
nieul,mairie.nieul@wanadoo.fr,87
nouic,mairie.nieul@wanadoo.fr,87
oradour-saint-genest,oradour.st.genest@wanadoo.fr,87
oradour-sur-glane,accueil.mairie.osg@wanadoo.fr,87
oradour-sur-vayres,villeoradoursurvayres@wanadoo.fr,87
pageas,communedepageas@wanadoo.fr,87
panazol,mairie@mairie-panazol.fr,87
pensol,mairie.de.pensol@wanadoo.fr,87
peyrat-de-bellac,mairiedepeyratdebellac@wanadoo.fr,87
peyrat-le-chateau,mairie-peyratlechateau87@wanadoo.fr,87
peyrilhac,mairie-de-peyrilhac@wanadoo.fr,87
pierre-buffiere,mairie.pierrebuffiere@wanadoo.fr,87
rancon,mairie.rancon@wanadoo.fr,87
razes,mairie.raze@wanadoo.fr,87
rempnat,mairie.rempnat@wanadoo.fr,87
rilhac-lastours,rilhac-lastours87@orange.fr,87
rilhac-rancon,mairie.rilhac-rancon-87@wanadoo.fr,87
rochechouart,mairie@rochechouart.com,87
roussac,mairie.roussac@wanadoo.fr,87
royeres,mairieroyeres@orange.fr,87
roziers-saint-georges,mairiederoziersstgeorges@wanadoo.fr,87
saillat-sur-vienne,saillat-mairie@wanadoo.fr,87
saint-amand-le-petit,mairie.stamandlepetit@wanadoo.fr,87
saint-amand-magnazeix,mairie.st.amand.magnx@wanadoo.fr,87
saint-auvent,mairie.de.saint-auvent@wanadoo.fr,87
saint-barbant,saint-barbant.commune@wanadoo.fr,87
saint-bazile,"",87
saint-bonnet-briance,st-bonnet-briance.mairie@orange.fr,87
saint-bonnet-de-bellac,mairie.stbonnetdebellac@wanadoo.fr,87
saint-brice-sur-vienne,mairiest.brice@wanadoo.fr,87
saint-cyr,mairie.stcyr@wanadoo.fr,87
saint-denis-des-murs,saintdenisdesmurs@free.fr,87
sainte-anne-saint-priest,mairie.sainte.anne.saint.priest@wanadoo.fr,87
sainte-marie-de-vaux,commune.saintemariedevaux@wanadoo.fr,87
saint-gence,mairie.saintgence@wanadoo.fr,87
saint-genest-sur-roselle,mairiestgenest@wanadoo.fr,87
saint-georges-les-landes,mairies.sgll@wanadoo.fr,87
saint-germain-les-belles,mairiedesaintgermainlesbelles@wanadoo.fr,87
saint-gilles-les-forets,mairie-st-gilles-les-forets@wanadoo.fr,87
saint-hilaire-bonneval,mairiesainthilairebonneval@orange.fr,87
saint-hilaire-la-treille,mairie.saint.hilaire.la.treille@wanadoo.fr,87
saint-hilaire-les-places,mairie-saint.hilaire@wanadoo.fr,87
saint-jean-ligoure,mairiesaintjeanligoure@orange.fr,87
saint-jouvent,mairie.stjouvent@wanadoo.fr,87
saint-julien-le-petit,mairie.saintjulien@free.fr,87
saint-junien,nlavergne@saint-junien.fr,87
saint-junien-les-combes,mairie.junien@orange.fr,87
saint-just-le-martel,mairie.stjustlemartel@wanadoo.fr,87
saint-laurent-les-eglises,mairie-st-laurent-les-eglises@wanadoo.fr,87
saint-laurent-sur-gorre,mairie.stlaurent.gorre@wanadoo.fr,87
saint-leger-la-montagne,commune.saintlegerlamontagne@wanadoo.fr,87
saint-leger-magnazeix,mairiestleger@wanadoo.fr,87
saint-leonard-de-noblat,accueil@ville-saint-leonard.fr,87
saint-martial-sur-isop,mairiestmartials.isop@wanadoo.fr,87
saint-martin-de-jussac,commune.saintmartindejussac@wanadoo.fr,87
saint-martin-le-mault,mairie.smlm@wanadoo.fr,87
saint-martin-le-vieux,mairie.smlv@wanadoo.fr,87
saint-martin-terressus,mairie@st-martin-terressus.fr,87
saint-mathieu,mairie.saint.mathieu@wanadoo.fr,87
saint-maurice-les-brousses,mairie.stmaurice87@free.fr,87
saint-meard,mairie-de-saint-meard@wanadoo.fr,87
saint-ouen-sur-gartempe,mairie-st-ouen-sur-gartempe@wanadoo.fr,87
saint-pardoux,commune.saint.pardoux@orange.fr,87
saint-paul,mairie-stpaul87@wanadoo.fr,87
saint-priest-ligoure,stpriestligoure.mairie@wanadoo.fr,87
saint-priest-sous-aixe,mairie-de-st-priest-sous-aixe@wanadoo.fr,87
saint-priest-taurion,st-priest-taurion@wanadoo.fr,87
saint-sornin-la-marche,st.sornin.marche@wanadoo.fr,87
saint-sornin-leulac,mairie.st-sornin-leulac@wanadoo.fr,87
saint-sulpice-lauriere,mairie-de-stsulpice-lauriere@wanadoo.fr,87
saint-sulpice-les-feuilles,st.sulpice.les.feuilles@wanadoo.fr,87
saint-sylvestre,mairie.stsylv@wanadoo.fr,87
saint-symphorien-sur-couze,commune-st-symphorien@orange.fr,87
saint-victurnien,mairie.stvicturnien@wanadoo.fr,87
saint-vitte-sur-briance,mairiestvittesurbriance@orange.fr,87
saint-yrieix-la-perche,secretariat@saint-yrieix.fr,87
saint-yrieix-sous-aixe,mairie.saint-yrieix-sous-aixe@wanadoo.fr,87
sauviat-sur-vige,mairie.sauviat@wanadoo.fr,87
sereilhac,mairie.sereilhac@wanadoo.fr,87
solignac,mairie-solignac@wanadoo.fr,87
surdoux,mairie.surdoux@orange.fr,87
sussac,mairiesussac@wanadoo.fr,87
tersannes,mairie.tersannes@wanadoo.fr,87
thiat,mairie.thiat@wanadoo.fr,87
thouron,mairie.thouron@wanadoo.fr,87
vaulry,mairie.vaulry@wanadoo.fr,87
vayres,mairie-vayres@wanadoo.fr,87
verneuil-moustiers,mairie.verneuil-moustiers@wanadoo.fr,87
verneuil-sur-vienne,mairie-verneuil-vienne@wanadoo.fr,87
veyrac,mairie.de.veyrac@wanadoo.fr,87
vicq-sur-breuilh,mairie.vicq@wanadoo.fr,87
videix,commune-de-videix@wanadoo.fr,87
villefavard,mairie.villefavard@wanadoo.fr,87
aiguines,a-dumas@mairie-aixesurvienne.fr,83
ampus,secretariat@mairie-ambazac.fr,83
artignosc-sur-verdon,mairiearnaclaposte2@wanadoo.fr,83
artigues,mairie.augne@wanadoo.fr,83
aups,mairie.aureil@wanadoo.fr,83
bagnols-en-foret,mairie.azat@wanadoo.fr,83
bandol,mairieballedent@wanadoo.fr,83
bargeme,mairie.beaumontdulac@wanadoo.fr,83
bargemon,bellac@mairie-bellac.fr,83
barjols,mairieberneuil@wanadoo.fr,83
baudinard-sur-verdon,mairiebersac@wanadoo.fr,83
bauduen,commune.de.bessines@wanadoo.fr,83
belgentier,beynac.mairie@wanadoo.fr,83
besse-sur-issole,mairie.blanzac@gmail.com,83
bormes-les-mimosas,"",83
bras,boisseuilnet@wanadoo.fr,83
brenon,mairie.bonnac@wanadoo.fr,83
brignoles,secretariat@mairie-bosmie.fr,83
brue-auriac,mairie.breuilaufa@wanadoo.fr,83
cabasse,mairie@bujaleuf.fr,83
callas,mairie.burgnac@wanadoo.fr,83
callian,info@webcommune.org,83
camps-la-source,mairie.bussiere.galant@wanadoo.fr,83
carces,mairie.bussiere.poitevine@wanadoo.fr,83
carnoules,chaillacsurvienne.mairie@wanadoo.fr,83
carqueiranne,mairie.chalus87@wanadoo.fr,83
cavalaire-sur-mer,mairie.chamboret@wanadoo.fr,83
chateaudouble,mairiechampagnelariviere@wanadoo.fr,83
chateauvert,mairie.champnetery@wanadoo.fr,83
chateauvieux,mairie.champsac@wanadoo.fr,83
claviers,chaptelat.limousin@wanadoo.fr,83
cogolin,mairie.chateau-chervix@wanadoo.fr,83
collobrieres,mairie.chateauneuf-la-foret@wanadoo.fr,83
comps-sur-artuby,mairie.chateauponsac@wanadoo.fr,83
correns,mairiecheissoux@wanadoo.fr,83
cotignac,mairie.cheronnac@wanadoo.fr,83
cuers,mairie.cieux@wanadoo.fr,83
draguignan,mairie.de.cognac.la.foret@wanadoo.fr,83
entrecasteaux,mairiedecompreignac@wanadoo.fr,83
esparron,contact@condatsurvienne.fr,83
evenos,mairie.coussac.bonneval@wanadoo.fr,83
fayence,mairie@couzeix.fr,83
figanieres,mairie.cromac@wanadoo.fr,83
flassans-sur-issole,mairie-cussac@wanadoo.fr,83
flayosc,mairiedarnac@wanadoo.fr,83
forcalqueiret,mairie.dinsac@wanadoo.fr,83
fox-amphoux,mairie.dompierreleseglises@wanadoo.fr,83
frejus,mairie-domps@orange.fr,83
gareoult,mairie-dournazac@orange.fr,83
gassin,mairie.droux@wanadoo.fr,83
ginasservis,mairie.eybouleuf@wanadoo.fr,83
gonfaron,mairie.eyjeaux@orange.fr,83
grimaud,mairie-eymoutiers@wanadoo.fr,83
hyeres,mairie@feytiat.fr,83
la-bastide,mairie-flavignac@wanadoo.fr,83
la-cadiere-d-azur,mairie.folles@wanadoo.fr,83
la-celle,mairiefromental@wanadoo.fr,83
la-crau,mairie.gajoubert@wanadoo.fr,83
la-croix-valmer,mairie.glandon@wanadoo.fr,83
la-farlede,mairie-de-glanges@wanadoo.fr,83
la-garde,mairie.gorre@wanadoo.fr,83
la-garde-freinet,mairie.isle87@wanadoo.fr,83
la-londe-les-maures,mairie.jabreilles@wanadoo.fr,83
la-martre,mairie.janailhac@wanadoo.fr,83
la-mole,mairiedejaverdat@wanadoo.fr,83
la-motte,mairiejouac@viveole.com,83
la-roquebrussanne,mairie.jourgnac@wanadoo.fr,83
la-roque-esclapon,mairielabazeuge@wanadoo.fr,83
la-seyne-sur-mer,chapelle-montbrandeix@orange.fr,83
la-valette-du-var,mairie.lacroisille@orange.fr,83
la-verdiere,mairie.croix.gartempe@wanadoo.fr,83
le-beausset,mairie.ladignac@wanadoo.fr,83
le-bourguet,mairie.lageneytouse@wanadoo.fr,83
le-cannet-des-maures,mairiedelajonchere@wanadoo.fr,83
le-castellet,mairie.la.meyze@wanadoo.fr,83
le-lavandou,mairie.laporcherie@wanadoo.fr,83
le-luc,larochelabeille.mairie@wanadoo.fr,83
le-muy,mairie.lauriere@wanadoo.fr,83
le-pradet,mairie.lavignac@orange.fr,83
le-revest-les-eaux,mairie.le-buisson@wanadoo.fr,83
les-adrets-de-l-esterel,mairieduchalard@wanadoo.fr,83
les-arcs,mairie-du-chatenet-en-dognon@orange.fr,83
les-mayons,mairie.ledorat@wanadoo.fr,83
les-salles-sur-verdon,affairesgenerales@lepalaissurvienne.fr,83
le-thoronet,mairiedesbillanges@aliceadsl.fr,83
le-val,mairie.les-cars87@wanadoo.fr,83
lorgues,mairie-les-grands-chezeaux@wanadoo.fr,83
mazaugues,mairiedessalleslavauguyon@wanadoo.fr,83
meounes-les-montrieux,mairie-le-vigen@wanadoo.fr,83
moissac-bellevue,lemaire@ville-limoges.fr,83
mons,mairie.linards@wanadoo.fr,83
montauroux,mairie.lussac.les.eglises@wanadoo.fr,83
montferrat,mairie.magnac-bourg@wanadoo.fr,83
montfort-sur-argens,mairie.magnaclaval@wanadoo.fr,83
montmeyan,secretariat.mairiemailhac@wanadoo.fr,83
nans-les-pins,mairie.maisonnais.sur.tardoire@wanadoo.fr,83
neoules,mairie-marval@wanadoo.fr,83
ollieres,mairiedemasleon@orange.fr,83
ollioules,mairie.meilhac@wanadoo.fr,83
pierrefeu-du-var,mairie.meuzac@wanadoo.fr,83
pignans,mezieres-issoire@wanadoo.fr,83
plan-d-aups-sainte-baume,mairie-de-moissannes@wanadoo.fr,83
plan-de-la-tour,mairie.montrolsenard@wanadoo.fr,83
ponteves,mairiemortemart@wanadoo.fr,83
pourcieux,commune.nantiat@wanadoo.fr,83
pourrieres,mairie.nedde@wanadoo.fr,83
puget-sur-argens,mairie.neuvic-entier@wanadoo.fr,83
puget-ville,mairie.nexon@wanadoo.fr,83
ramatuelle,mairie.nieul@wanadoo.fr,83
rayol-canadel-sur-mer,mairie.nieul@wanadoo.fr,83
regusse,oradour.st.genest@wanadoo.fr,83
rians,accueil.mairie.osg@wanadoo.fr,83
riboux,villeoradoursurvayres@wanadoo.fr,83
rocbaron,communedepageas@wanadoo.fr,83
roquebrune-sur-argens,mairie@mairie-panazol.fr,83
rougiers,mairie.de.pensol@wanadoo.fr,83
saint-antonin-du-var,mairiedepeyratdebellac@wanadoo.fr,83
saint-cyr-sur-mer,mairie-peyratlechateau87@wanadoo.fr,83
sainte-anastasie-sur-issole,mairie-de-peyrilhac@wanadoo.fr,83
sainte-maxime,mairie.pierrebuffiere@wanadoo.fr,83
saint-julien-le-montagnier,mairie.rancon@wanadoo.fr,83
saint-mandrier-sur-mer,mairie.raze@wanadoo.fr,83
saint-martin-de-pallieres,mairie.rempnat@wanadoo.fr,83
saint-maximin-la-sainte-baume,rilhac-lastours87@orange.fr,83
saint-paul-en-foret,mairie.rilhac-rancon-87@wanadoo.fr,83
saint-raphael,mairie@rochechouart.com,83
saint-tropez,mairie.roussac@wanadoo.fr,83
saint-zacharie,mairieroyeres@orange.fr,83
salernes,mairiederoziersstgeorges@wanadoo.fr,83
sanary-sur-mer,saillat-mairie@wanadoo.fr,83
seillans,mairie.stamandlepetit@wanadoo.fr,83
seillons-source-d-argens,mairie.st.amand.magnx@wanadoo.fr,83
signes,mairie.de.saint-auvent@wanadoo.fr,83
sillans-la-cascade,saint-barbant.commune@wanadoo.fr,83
six-fours-les-plages,"",83
sollies-pont,st-bonnet-briance.mairie@orange.fr,83
sollies-toucas,mairie.stbonnetdebellac@wanadoo.fr,83
sollies-ville,mairiest.brice@wanadoo.fr,83
tanneron,mairie.stcyr@wanadoo.fr,83
taradeau,saintdenisdesmurs@free.fr,83
tavernes,mairie.sainte.anne.saint.priest@wanadoo.fr,83
toulon,commune.saintemariedevaux@wanadoo.fr,83
tourrettes,mairie.saintgence@wanadoo.fr,83
tourtour,mairiestgenest@wanadoo.fr,83
tourves,mairies.sgll@wanadoo.fr,83
trans-en-provence,mairiedesaintgermainlesbelles@wanadoo.fr,83
trigance,mairie-st-gilles-les-forets@wanadoo.fr,83
varages,mairiesainthilairebonneval@orange.fr,83
verignon,mairie.saint.hilaire.la.treille@wanadoo.fr,83
vidauban,mairie-saint.hilaire@wanadoo.fr,83
villecroze,mairiesaintjeanligoure@orange.fr,83
vinon-sur-verdon,mairie.stjouvent@wanadoo.fr,83
vins-sur-caramy,mairie.saintjulien@free.fr,83
abrest,nlavergne@saint-junien.fr,03
agonges,mairie.junien@orange.fr,03
ainay-le-chateau,mairie.stjustlemartel@wanadoo.fr,03
andelaroche,mairie-st-laurent-les-eglises@wanadoo.fr,03
archignat,mairie.stlaurent.gorre@wanadoo.fr,03
arfeuilles,commune.saintlegerlamontagne@wanadoo.fr,03
arpheuilles-saint-priest,mairiestleger@wanadoo.fr,03
arronnes,accueil@ville-saint-leonard.fr,03
aubigny,mairiestmartials.isop@wanadoo.fr,03
audes,commune.saintmartindejussac@wanadoo.fr,03
aurouer,mairie.smlm@wanadoo.fr,03
autry-issards,mairie.smlv@wanadoo.fr,03
avermes,mairie@st-martin-terressus.fr,03
avrilly,mairie.saint.mathieu@wanadoo.fr,03
bagneux,mairie.stmaurice87@free.fr,03
barberier,mairie-de-saint-meard@wanadoo.fr,03
barrais-bussolles,mairie-st-ouen-sur-gartempe@wanadoo.fr,03
bayet,commune.saint.pardoux@orange.fr,03
beaulon,mairie-stpaul87@wanadoo.fr,03
beaune-d-allier,stpriestligoure.mairie@wanadoo.fr,03
begues,mairie-de-st-priest-sous-aixe@wanadoo.fr,03
bellenaves,st-priest-taurion@wanadoo.fr,03
bellerive-sur-allier,st.sornin.marche@wanadoo.fr,03
bert,mairie.st-sornin-leulac@wanadoo.fr,03
bessay-sur-allier,mairie-de-stsulpice-lauriere@wanadoo.fr,03
besson,st.sulpice.les.feuilles@wanadoo.fr,03
bezenet,mairie.stsylv@wanadoo.fr,03
billezois,commune-st-symphorien@orange.fr,03
billy,mairie.stvicturnien@wanadoo.fr,03
biozat,mairiestvittesurbriance@orange.fr,03
bizeneuille,secretariat@saint-yrieix.fr,03
blomard,mairie.saint-yrieix-sous-aixe@wanadoo.fr,03
bost,mairie.sauviat@wanadoo.fr,03
bouce,mairie.sereilhac@wanadoo.fr,03
bourbon-l-archambault,mairie-solignac@wanadoo.fr,03
braize,mairie.surdoux@orange.fr,03
bransat,mairiesussac@wanadoo.fr,03
bresnay,mairie.tersannes@wanadoo.fr,03
bressolles,mairie.thiat@wanadoo.fr,03
brout-vernet,mairie.thouron@wanadoo.fr,03
brugheas,mairie.vaulry@wanadoo.fr,03
busset,mairie-vayres@wanadoo.fr,03
buxieres-les-mines,mairie.verneuil-moustiers@wanadoo.fr,03
cerilly,mairie-verneuil-vienne@wanadoo.fr,03
cesset,mairie.de.veyrac@wanadoo.fr,03
chamberat,mairie.vicq@wanadoo.fr,03
chamblet,commune-de-videix@wanadoo.fr,03
chantelle-le-chateau,mairie.villefavard@wanadoo.fr,03
chapeau,mairie.d.aiguines@wanadoo.fr,03
chappes,ampus@mairie-ampus.fr,03
chareil-cintrat,mairie-artignosc@wanadoo.fr,03
charmeil,mairieartigues@wanadoo.fr,03
charmes,aups.mairie@wanadoo.fr,03
charroux,mairie@bagnolsenforet.fr,03
chassenard,secretariat.general@bandol.org,03
chateau-sur-allier,bargeme.commune@orange.fr,03
chatel-de-neuvre,mairie.bargemon@wanadoo.fr,03
chatel-montagne,commune.barjols@wanadoo.fr,03
chatelperron,baudinard@wanadoo.fr,03
chatelus,amenagement.terr@wanadoo.fr,03
chatillon,mairie.belgentier@wanadoo.fr,03
chavenon,mairie.besse@wanadoo.fr,03
chavroches,contact@ville-bormes.fr,03
chazemais,mairie.bras@wanadoo.fr,03
chemilly,mairiebrenon@wanadoo.fr,03
chevagnes,contact@brignoles.fr,03
chezelle,mairie.brue-auriac@wanadoo.fr,03
chezy,accueil@mairie-cabasse.fr,03
chirat-l-eglise,callas.mairie@wanadoo.fr,03
chouvigny,contact@callian.fr,03
cindre,Mairie.Camps.La.Source@wanadoo.fr,03
cognat-lyonne,accueil@mairie-carces.fr,03
colombier,mairie.de.carnoules@wanadoo.fr,03
commentry,monsieurlemaire@carqueiranne.fr,03
contigny,cabinet.du.maire@cavalaire.fr,03
cosne-d-allier,chateaudouble@wanadoo.fr,03
coulandon,mairie@chateauvert.fr,03
coulanges,chateauvieux3@wanadoo.fr,03
couleuvre,mairie.claviers@wanadoo.fr,03
courcais,mairie@cogolin.fr,03
coutansouze,mairie-de-collobrieres1@wanadoo.fr,03
couzon,mairie.compsurartuby@wanadoo.fr,03
crechy,mairie@correns.fr,03
cressanges,mairie.cotignac@wanadoo.fr,03
creuzier-le-neuf,tbiancherin@ville-de-cuers.com,03
creuzier-le-vieux,mairie@ville-draguignan.fr,03
cusset,dentrecasteaux.mairie@wanadoo.fr,03
deneuille-les-chantelle,esparron.de.pallieres@wanadoo.fr,03
deneuille-les-mines,mairie.evenos@wanadoo.fr,03
desertines,mairie-fayence@wanadoo.fr,03
deux-chaises,figanieres@wanadoo.fr,03
diou,mairie.flassans.sur.issole@wanadoo.fr,03
domerat,accueil@ville-flayosc.fr,03
dompierre-sur-besbre,accueil@mairie-forcalqueiret.net,03
doyet,mairie.fox@wanadoo.fr,03
droiturier,info@ville-frejus.fr,03
durdat-larequille,mairie@ville-gareoult.fr,03
ebreuil,secretariat@mairie-gassin.fr,03
echassieres,mairie@ginasservis.fr,03
escurolles,mairie-gonfaron@wanadoo.fr,03
espinasse-vozelle,"",03
estivareilles,contact@jacquespoliti.fr,03
etroussat,mairie.labastide0779@orange.fr,03
ferrieres-sur-sichon,secretariat@lacadieredazur.com,03
fleuriel,mairie.la.celle@wanadoo.fr,03
fourilles,mairie@villedelacrau.fr,03
franchesse,contact@lacroixvalmer.fr,03
gannat,mairie@lafarlede.fr,03
gannay-sur-loire,contact-mairie@ville-lagarde.fr,03
garnat-sur-engievre,maire@lagardefreinet.fr,03
gennetines,contact@lalondelesmaures.fr,03
gipcy,mairie-lamartre@orange.fr,03
givarlais,la.mole.mairie@wanadoo.fr,03
gouise,secretaire-general@ville-la-motte.com,03
hauterive,mairie@laroquebrussanne.fr,03
herisson,mairie.laroque-esclapon@orange.fr,03
huriel,courrier@la-seyne.com,03
hyds,philippe.huc-andre@lavalette83.fr,03
isle-et-bardais,mairiedelaverdiere@wanadoo.fr,03
isserpent,cabinetdumaire@ville-lebeausset.fr,03
jaligny-sur-besbre,commune.lebourguet@nordnet.fr,03
jenzat,accueil@lecannetdesmaures.com,03
la-celle,dgs@ville-lecastellet.fr,03
la-chabanne,mairie@le-lavandou.fr,03
la-chapelaude,"",03
la-chapelle,info@ville-lemuy.fr,03
la-chapelle-aux-chasses,accueil@le-pradet.fr,03
lafeline,contactmairie@lerevest83.fr,03
la-ferte-hauterive,accueil@mairie-adrets-esterel.fr,03
la-guillermie,lesarcs.mairie@wanadoo.fr,03
lalizolle,mairielesmayons@wanadoo.fr,03
lamaids,mairielessalles@hotmail.fr,03
langy,mairie-le-thoronet@wanadoo.fr,03
lapalisse,contact@mairie-leval.fr,03
la-petite-marche,"",03
laprugne,mairie.mazaugues@wanadoo.fr,03
lavault-sainte-anne,mairie@meounes.com,03
lavoine,mairiemoissac83@wanadoo.fr,03
le-bouchaud,mairie-mons83@wanadoo.fr,03
le-brethon,mairie@montauroux.com,03
le-breuil,mairie-montferrat@wanadoo.fr,03
le-donjon,montfort.sur.argens.mairie@wanadoo.fr,03
le-mayet-d-ecole,mairie.montmeyan@wanadoo.fr,03
le-mayet-de-montagne,elus@mairie-nanslespins.fr,03
le-montet,mairie.neoules@wanadoo.fr,03
lenax,mairie@ollieres.fr,03
le-pin,mairie.d-ollioules@wanadoo.fr,03
l-etelon,maire@pierrefeu-du-var.fr,03
le-theil,ville-de-pignans@wanadoo.fr,03
le-vernet,mairie.plan-d-aups83@wanadoo.fr,03
le-veurdre,mairie@plandelatour.net,03
le-vilhain,courrier@mairie-ponteves.fr,03
liernolles,mairie.pourcieux@wanadoo.fr,03
lignerolles,pourrieres@pourrieres.fr,03
limoise,contact@pugetsurargens.fr,03
loddes,mairie@puget-ville.org,03
loriges,mairie.ramatuelle@wanadoo.fr,03
louchy-montfand,mairie-du-rayol@wanadoo.fr,03
louroux-bourbonnais,mairie.regusse@wanadoo.fr,03
louroux-de-beaune,secretariatmairieriansvar@orange.fr,03
louroux-de-bouble,mairieriboux@wanadoo.fr,03
louroux-hodement,rocbaron.maire@wanadoo.fr,03
luneau,mairie@ville-roquebrune-argens.fr,03
lurcy-levis,mairie.de-rougiers@wanadoo.fr,03
lusigny,saint.antonin.mairie@orange.fr,03
magnet,mairie@saintcyrsurmer.fr,03
maillet,s.anastasie@wanadoo.fr,03
malicorne,mairie@ste-maxime.fr,03
marcenat,mairie.stjulien@orange.fr,03
marcillat-en-combraille,info@ville-saintmandrier.fr,03
marigny,mairie-stmartindepallieres@wanadoo.fr,03
mariol,mairie@st-maximin.fr,03
mazerier,mairie.saintpaulenforet@orange.fr,03
mazirat,webmaster@ville-saintraphael.fr,03
meaulne,communication@ville-sainttropez.fr,03
meillard,cabinetdumaire@commune-saint-zacharie.fr,03
meillers,mairie@ville-salernes.fr,03
mercy,mairie-sanary-sur-mer@wanadoo.fr,03
mesples,mairie.de.seillans@wanadoo.fr,03
molinet,mairie.seillons@wanadoo.fr,03
molles,mairie@signes.com,03
monestier,mairie.sillans-la-cascade@wanadoo.fr,03
monetay-sur-allier,"",03
monetay-sur-loire,mairie@ville-sollies-pont.fr,03
montaiguet-en-forez,stoucas.mairie@wanadoo.fr,03
montaigu-le-blin,mairie.solliesville@wanadoo.fr,03
montbeugny,"",03
montcombroux-les-mines,mairie.taradeau@wanadoo.fr,03
monteignet-sur-l-andelot,mairiedetavernes@wanadoo.fr,03
montilly,contact@mairie-toulon.fr,03
montlucon,mairie@mairie-tourrettes-83.fr,03
montmarault,accueil@mairietourtour.com,03
montoldre,mairie.tourves@wanadoo.fr,03
montord,accueil@transenprovence-mairie.fr,03
montvicq,mairie.de.trigance@mcom.fr,03
moulins,mairie.varages@wanadoo.fr,03
murat,mairie.verignon@nordnet.fr,03
nades,vidauban-mairie@wanadoo.fr,03
nassigny,accueil@mairie-villecroze.com,03
naves,vinon.sur.verdon@wanadoo.fr,03
neris-les-bains,mairie.vins.sur.caramy@wanadoo.fr,03
neuilly-en-donjon,a-dumas@mairie-aixesurvienne.fr,03
neuilly-le-real,secretariat@mairie-ambazac.fr,03
neure,mairiearnaclaposte2@wanadoo.fr,03
neuvy,mairie.augne@wanadoo.fr,03
nizerolles,mairie.aureil@wanadoo.fr,03
noyant-d-allier,mairie.azat@wanadoo.fr,03
paray-le-fresil,mairieballedent@wanadoo.fr,03
paray-sous-briailles,mairie.beaumontdulac@wanadoo.fr,03
perigny,bellac@mairie-bellac.fr,03
pierrefitte-sur-loire,mairieberneuil@wanadoo.fr,03
poezat,mairiebersac@wanadoo.fr,03
pouzy-mesangy,commune.de.bessines@wanadoo.fr,03
premilhat,beynac.mairie@wanadoo.fr,03
quinssaines,mairie.blanzac@gmail.com,03
reugny,"",03
rocles,boisseuilnet@wanadoo.fr,03
rongeres,mairie.bonnac@wanadoo.fr,03
ronnet,secretariat@mairie-bosmie.fr,03
saint-angel,mairie.breuilaufa@wanadoo.fr,03
saint-aubin-le-monial,mairie@bujaleuf.fr,03
saint-bonnet-de-four,mairie.burgnac@wanadoo.fr,03
saint-bonnet-de-rochefort,info@webcommune.org,03
saint-bonnet-troncais,mairie.bussiere.galant@wanadoo.fr,03
saint-caprais,mairie.bussiere.poitevine@wanadoo.fr,03
saint-christophe,chaillacsurvienne.mairie@wanadoo.fr,03
saint-clement,mairie.chalus87@wanadoo.fr,03
saint-desire,mairie.chamboret@wanadoo.fr,03
saint-didier-en-donjon,mairiechampagnelariviere@wanadoo.fr,03
saint-didier-la-foret,mairie.champnetery@wanadoo.fr,03
saint-eloy-d-allier,mairie.champsac@wanadoo.fr,03
saint-ennemond,chaptelat.limousin@wanadoo.fr,03
sainte-therence,mairie.chateau-chervix@wanadoo.fr,03
saint-etienne-de-vicq,mairie.chateauneuf-la-foret@wanadoo.fr,03
saint-fargeol,mairie.chateauponsac@wanadoo.fr,03
saint-felix,mairiecheissoux@wanadoo.fr,03
saint-genest,mairie.cheronnac@wanadoo.fr,03
saint-gerand-de-vaux,mairie.cieux@wanadoo.fr,03
saint-gerand-le-puy,mairie.de.cognac.la.foret@wanadoo.fr,03
saint-germain-de-salles,mairiedecompreignac@wanadoo.fr,03
saint-germain-des-fosses,contact@condatsurvienne.fr,03
saint-hilaire,mairie.coussac.bonneval@wanadoo.fr,03
saint-leger-sur-vouzance,mairie@couzeix.fr,03
saint-leon,mairie.cromac@wanadoo.fr,03
saint-leopardin-d-augy,mairie-cussac@wanadoo.fr,03
saint-loup,mairiedarnac@wanadoo.fr,03
saint-marcel-en-marcillat,mairie.dinsac@wanadoo.fr,03
saint-marcel-en-murat,mairie.dompierreleseglises@wanadoo.fr,03
saint-martin-des-lais,mairie-domps@orange.fr,03
saint-martinien,mairie-dournazac@orange.fr,03
saint-menoux,mairie.droux@wanadoo.fr,03
saint-nicolas-des-biefs,mairie.eybouleuf@wanadoo.fr,03
saint-palais,mairie.eyjeaux@orange.fr,03
saint-pierre-laval,mairie-eymoutiers@wanadoo.fr,03
saint-plaisir,mairie@feytiat.fr,03
saint-pont,mairie-flavignac@wanadoo.fr,03
saint-pourcain-sur-besbre,mairie.folles@wanadoo.fr,03
saint-pourcain-sur-sioule,mairiefromental@wanadoo.fr,03
saint-priest-d-andelot,mairie.gajoubert@wanadoo.fr,03
saint-priest-en-murat,mairie.glandon@wanadoo.fr,03
saint-prix,mairie-de-glanges@wanadoo.fr,03
saint-remy-en-rollat,mairie.gorre@wanadoo.fr,03
saint-sauvier,mairie.isle87@wanadoo.fr,03
saint-sornin,mairie.jabreilles@wanadoo.fr,03
saint-victor,mairie.janailhac@wanadoo.fr,03
saint-voir,mairiedejaverdat@wanadoo.fr,03
saint-yorre,mairiejouac@viveole.com,03
saligny-sur-roudon,mairie.jourgnac@wanadoo.fr,03
sanssat,mairielabazeuge@wanadoo.fr,03
saulcet,chapelle-montbrandeix@orange.fr,03
saulzet,mairie.lacroisille@orange.fr,03
sauvagny,mairie.croix.gartempe@wanadoo.fr,03
sazeret,mairie.ladignac@wanadoo.fr,03
serbannes,mairie.lageneytouse@wanadoo.fr,03
servilly,mairiedelajonchere@wanadoo.fr,03
seuillet,mairie.la.meyze@wanadoo.fr,03
sorbier,mairie.laporcherie@wanadoo.fr,03
souvigny,larochelabeille.mairie@wanadoo.fr,03
sussat,mairie.lauriere@wanadoo.fr,03
target,mairie.lavignac@orange.fr,03
taxat-senat,mairie.le-buisson@wanadoo.fr,03
teillet-argenty,mairieduchalard@wanadoo.fr,03
terjat,mairie-du-chatenet-en-dognon@orange.fr,03
theneuille,mairie.ledorat@wanadoo.fr,03
thiel-sur-acolin,affairesgenerales@lepalaissurvienne.fr,03
thionne,mairiedesbillanges@aliceadsl.fr,03
tortezais,mairie.les-cars87@wanadoo.fr,03
toulon-sur-allier,mairie-les-grands-chezeaux@wanadoo.fr,03
treban,mairiedessalleslavauguyon@wanadoo.fr,03
treignat,mairie-le-vigen@wanadoo.fr,03
treteau,lemaire@ville-limoges.fr,03
trevol,mairie.linards@wanadoo.fr,03
trezelles,mairie.lussac.les.eglises@wanadoo.fr,03
tronget,mairie.magnac-bourg@wanadoo.fr,03
urcay,mairie.magnaclaval@wanadoo.fr,03
ussel-d-allier,secretariat.mairiemailhac@wanadoo.fr,03
valignat,mairie.maisonnais.sur.tardoire@wanadoo.fr,03
valigny,mairie-marval@wanadoo.fr,03
vallon-en-sully,mairiedemasleon@orange.fr,03
varennes-sur-allier,mairie.meilhac@wanadoo.fr,03
varennes-sur-teche,mairie.meuzac@wanadoo.fr,03
vaumas,mezieres-issoire@wanadoo.fr,03
vaux,mairie-de-moissannes@wanadoo.fr,03
veauce,mairie.montrolsenard@wanadoo.fr,03
venas,mairiemortemart@wanadoo.fr,03
vendat,commune.nantiat@wanadoo.fr,03
verneix,mairie.nedde@wanadoo.fr,03
verneuil-en-bourbonnais,mairie.neuvic-entier@wanadoo.fr,03
vernusse,mairie.nexon@wanadoo.fr,03
vichy,mairie.nieul@wanadoo.fr,03
vicq,mairie.nieul@wanadoo.fr,03
vieure,oradour.st.genest@wanadoo.fr,03
villebret,accueil.mairie.osg@wanadoo.fr,03
villefranche-d-allier,villeoradoursurvayres@wanadoo.fr,03
villeneuve-sur-allier,communedepageas@wanadoo.fr,03
viplaix,mairie@mairie-panazol.fr,03
vitray,mairie.de.pensol@wanadoo.fr,03
voussac,mairiedepeyratdebellac@wanadoo.fr,03
ygrande,mairie-peyratlechateau87@wanadoo.fr,03
yzeure,mairie-de-peyrilhac@wanadoo.fr,03
